{
  "thresholds": {
    "warning_psi": 0.1,
    "alert_psi": 0.2
  },
  "numeric_features": {
    "transaction_amount": {
      "bin_edges": [
        25.05,
        191.715,
        277.19399999999996,
        359.67400000000004,
        461.066,
        573.54,
        713.9340000000003,
        911.486,
        1211.5939999999998,
        1760.3180000000016,
        15000.0
      ],
      "expected_proportions": [
        0.1,
        0.1,
        0.1,
        0.1,
        0.1,
        0.1,
        0.1,
        0.1,
        0.1,
        0.1
      ],
      "mean": 855.2546116666666,
      "std": 967.1772529088814
    },
    "account_age_days": {
      "bin_edges": [
        108.0,
        476.9,
        614.0,
        731.0,
        841.0,
        951.0,
        1064.0,
        1195.0,
        1374.0,
        1632.0,
        3567.0
      ],
      "expected_proportions": [
        0.1,
        0.09933333333333333,
        0.1005,
        0.09966666666666667,
        0.09966666666666667,
        0.09983333333333333,
        0.10033333333333333,
        0.0995,
        0.101,
        0.10016666666666667
      ],
      "mean": 1012.8981666666666,
      "std": 461.61288007723306
    },
    "previous_failed_transactions": {
      "bin_edges": [
        0.0,
        1.0,
        2.0,
        5.0
      ],
      "expected_proportions": [
        0.5465,
        0.3305,
        0.123
      ],
      "mean": 0.6055,
      "std": 0.7813692977102838
    },
    "transaction_hour": {
      "bin_edges": [
        0.0,
        2.0,
        4.0,
        7.0,
        9.0,
        12.0,
        14.0,
        16.0,
        19.0,
        21.0,
        23.0
      ],
      "expected_proportions": [
        0.08783333333333333,
        0.08316666666666667,
        0.11916666666666667,
        0.08666666666666667,
        0.11666666666666667,
        0.07866666666666666,
        0.08283333333333333,
        0.13533333333333333,
        0.084,
        0.12566666666666668
      ],
      "mean": 11.5365,
      "std": 6.965295998538588
    },
    "location_risk_score": {
      "bin_edges": [
        0.34,
        12.94,
        19.395999999999997,
        24.71,
        29.64,
        34.455,
        39.70400000000001,
        45.313,
        52.144,
        61.21200000000001,
        100.0
      ],
      "expected_proportions": [
        0.09966666666666667,
        0.10033333333333333,
        0.09966666666666667,
        0.10016666666666667,
        0.10016666666666667,
        0.1,
        0.1,
        0.1,
        0.1,
        0.1
      ],
      "mean": 36.14967166666667,
      "std": 18.451715452651744
    },
    "device_risk_score": {
      "bin_edges": [
        0.52,
        16.067,
        22.64,
        27.91,
        32.812,
        37.84,
        42.86800000000001,
        48.876000000000005,
        55.961999999999996,
        65.26,
        98.0
      ],
      "expected_proportions": [
        0.1,
        0.09966666666666667,
        0.09983333333333333,
        0.1005,
        0.09983333333333333,
        0.10016666666666667,
        0.1,
        0.1,
        0.09983333333333333,
        0.10016666666666667
      ],
      "mean": 39.42923666666666,
      "std": 18.44089304686121
    },
    "is_international": {
      "bin_edges": [
        -1.0,
        0.0,
        2.0
      ],
      "expected_proportions": [
        1.6666666663888888e-10,
        0.9999999998333333
      ],
      "mean": 0.178,
      "std": 0.3825137448857096
    },
    "average_daily_transaction_amount": {
      "bin_edges": [
        31.58,
        133.636,
        171.54600000000002,
        200.997,
        229.104,
        256.32,
        286.718,
        323.323,
        371.59599999999995,
        441.8150000000001,
        1133.28
      ],
      "expected_proportions": [
        0.1,
        0.1,
        0.1,
        0.1,
        0.09983333333333333,
        0.10016666666666667,
        0.1,
        0.1,
        0.1,
        0.1
      ],
      "mean": 275.75216166666667,
      "std": 123.86013436021616
    }
  },
  "categorical_features": {
    "transaction_type": {
      "categories": [
        "deposit",
        "payment",
        "purchase",
        "transfer",
        "withdrawal"
      ],
      "expected_proportions": [
        0.077,
        0.3416666666666667,
        0.2155,
        0.21583333333333332,
        0.15
      ]
    }
  }
}